data,demanda_prevista,ocupacao_real
2026-09-01,40,34
2026-09-02,37,34
2026-09-03,46,38
2026-09-04,45,42
2026-09-05,48,45
2026-09-06,43,38
2026-09-07,37,34
2026-09-08,40,40
2026-09-09,36,33
2026-09-10,29,25
2026-09-11,34,32
2026-09-12,36,33
2026-09-13,24,22
2026-09-14,29,27
2026-09-15,24,24
2026-09-16,27,26
2026-09-17,33,31
2026-09-18,31,32
2026-09-19,33,29
2026-09-20,35,35
2026-09-21,38,35
2026-09-22,45,40
2026-09-23,35,32
2026-09-24,43,38
2026-09-25,46,43
2026-09-26,38,35
2026-09-27,39,32
2026-09-28,40,36
2026-09-29,32,30
2026-09-30,35,31
